HA,qt,R,final pH,Leaching Mg
0.0,41.0056,60.50835,10.597626,2.6951487
10.0,49.105694,84.035065,10.729552,2.516851
